{"444": {"start": "27-03-2023", "end": "22-06-2023", "name": "TOP300", "stores": [19, 68, 159, 219, 513, 939, 959, 970, 977, 982, 990]}, "456": {"start": "24-05-2023", "end": "07-07-2023", "name": "T\u00e1ctico P&L May/Jul 2023 - Super Pollo", "stores": [19, 68, 159, 219, 513, 939, 959, 970, 977, 982, 990]}, "458": {"start": "27-05-2023", "end": "31-08-2023", "name": "Liquidaci\u00f3n L&S May/Ago 2023 - Mascarillas", "stores": [19, 68, 159, 219, 513, 939, 959, 970, 977, 982, 990]}, "459": {"start": "05-06-2023", "end": "05-08-2023", "name": "Campa\u00f1a Bimensual Junio & Julio 2023", "stores": [19, 68, 159, 219, 513, 939, 959, 970, 977, 982, 990]}}